<?xml version="1.0" standalone="yes"?>
<xs:schema id="NewDataSet" xmlns="" xmlns:xs="http://www.w3.org/2001/XMLSchema" xmlns:msdata="urn:schemas-microsoft-com:xml-msdata">
  <xs:element name="NewDataSet" msdata:IsDataSet="true" msdata:UseCurrentLocale="true">
    <xs:complexType>
      <xs:choice minOccurs="0" maxOccurs="unbounded">
        <xs:element name="Table">
          <xs:complexType>
            <xs:sequence>
              <xs:element name="Item_Id" type="xs:int" minOccurs="0" />
              <xs:element name="Item_Name" type="xs:string" minOccurs="0" />
              <xs:element name="Item_Description" type="xs:string" minOccurs="0" />
              <xs:element name="Item_Price" type="xs:string" minOccurs="0" />
              <xs:element name="Item_Type" type="xs:string" minOccurs="0" />
              <xs:element name="CGST" type="xs:string" minOccurs="0" />
              <xs:element name="SGST" type="xs:string" minOccurs="0" />
              <xs:element name="IGST" type="xs:string" minOccurs="0" />
              <xs:element name="UTGST" type="xs:string" minOccurs="0" />
            </xs:sequence>
          </xs:complexType>
        </xs:element>
      </xs:choice>
    </xs:complexType>
  </xs:element>
</xs:schema>