<?xml version="1.0" standalone="yes"?>
<xs:schema id="NewDataSet" xmlns="" xmlns:xs="http://www.w3.org/2001/XMLSchema" xmlns:msdata="urn:schemas-microsoft-com:xml-msdata">
  <xs:element name="NewDataSet" msdata:IsDataSet="true" msdata:UseCurrentLocale="true">
    <xs:complexType>
      <xs:choice minOccurs="0" maxOccurs="unbounded">
        <xs:element name="Table">
          <xs:complexType>
            <xs:sequence>
              <xs:element name="CustomerName" type="xs:string" minOccurs="0" />
              <xs:element name="ItemName" type="xs:string" minOccurs="0" />
              <xs:element name="Description" type="xs:string" minOccurs="0" />
              <xs:element name="Qty" type="xs:double" minOccurs="0" />
              <xs:element name="Weight" type="xs:string" minOccurs="0" />
              <xs:element name="CGST" type="xs:double" minOccurs="0" />
              <xs:element name="IGST" type="xs:double" minOccurs="0" />
              <xs:element name="NGST" type="xs:double" minOccurs="0" />
              <xs:element name="UTGST" type="xs:double" minOccurs="0" />
              <xs:element name="ItemPrice" type="xs:double" minOccurs="0" />
              <xs:element name="TotalPrice" type="xs:double" minOccurs="0" />
              <xs:element name="Date" type="xs:dateTime" minOccurs="0" />
              <xs:element name="Month" type="xs:string" minOccurs="0" />
            </xs:sequence>
          </xs:complexType>
        </xs:element>
      </xs:choice>
    </xs:complexType>
  </xs:element>
</xs:schema>